uniqid,searchname
1,Abacus - Australian Mutuals
2,ABC Doll Club
3,Able Australia
4,Torres Strait Islander Library and Information Resource Network
5,Aboriginal Children's Advancement Society
6,Abused Child Trust
7,Academy of the Social Sciences in Australia
8,Accommodation Association of Australia
9,Aceda
10,Acoustic Neuroma Association Australia
11,ActionAid Australia
12,Active Ageing Australia
13,Adult Learning Australia
14,Adults Surviving Child Abuse
15,Advanced Association of Beauty Therapists
16,Adventist Development and Relief Agency Australia
17,Aerial Agricultural Association of Australia
18,Aerosol Association of Australia
19,AFL Players' Association
20,AFL Umpires Association
21,African Violet Association of Australia
22,AFS Intercultural Programs
23,Aftercare
24,Aged and Community Services Australia
25,Aged Care Association Australia
26,Agribusiness Association of Australia
27,Agricultural Business Research Institute
28,AIDS Trust of Australia
29,Australian Institute of Nuclear Science and Engineering
30,Air Conditioning and Mechanical Contractors' Association of Australia
31,Air Conditioning and Refrigeration Equipment Manufacturers Association
32,Air Pollution Control Equipment Manufacturers Association
33,Aircraft Owners and Pilots Association of Australia
34,Al-Anon Family Groups Pty
35,Albanian Australian Community Association
36,Alcohol and Other Drugs Council of Australia
37,Alison Hunter Memorial Foundation
38,Allergy and Anaphylaxis Australia
39,Allergy and Environmental Sensitivity Support and Research Association
40,Allied Health Professions Australia
41,Almond Board of Australia
42,Alternative Technology Association
43,Alzheimer's Australia
44,Australian Mutuals Institute
45,Amateur Chamber Music Society
46,American Chamber of Commerce in Australia
47,Action for More Independence & Dignity in Accomodation
48,Amorphous Silica Association of Australia
49,AMPLA
50,Amy Gillett Foundation
51,Anglican Mens Society in Australia
52,Angus Australia
53,Animal Health Alliance
54,Animal Justice Party
55,Animals Asia Foundation
56,Animals Australia
57,Apex Foundation
58,Appita
59,Apple and Pear Australia
60,Arabian Horse Society of Australia
61,Arboriculture Australia
62,Archery Australia
63,Architectural Door Hardware Association
64,Architectural Glass Design Australia
65,Armenian National Committee of Australia
66,Arthritis Australia
67,Arts Access Australia
68,Arts Hub
69,Arts Law Centre of Australia
70,Asbestos Diseases Foundation of Australia
71,Asbestoswise
72,Ash Development Association of Australia
73,Asian Television Australia Association
74,Association for Data-driven Marketing and Advertising
75,Association for Manufacturing Excellence
76,Association for Tertiary Education Management
77,Association for the Study of Australian Literature
78,Association of Accounting Technicians Australia
79,Association of Australian Acoustical Consultants
80,Association of Australian Convention Bureaux
81,Association of Australian Investigators
82,"Association of Consultants in Access, Australia"
83,Association of Consulting Architects
84,Association of Feng Shui Consultants
85,Association of Financial Advisers
86,Association of Heads of Independent Schools of Australia
87,Association of Hospital Supply and Purchasing Officers
88,Association of Hydraulic Services Consultants Australia
89,Association of Independent Retirees
90,Association of Market and Social Research Organisations
91,Association of Massage Therapists
92,Association of Mining Exploration Companies
93,Association of Professional Aestheticians of Australia
94,Association of Professional Astrologers
95,Association of Professional Color Imagers
95,Association of Professional Color Imagers
96,"Association of Professional Engineers, Scientists and Managers"
97,Association of Remedial Masseurs
98,Association of Superannuation Funds of Australia
99,Association of Taxation and Management Accountants
100,Association of Women Educators
101,Assyrian Australian Association
102,Asthma Australia
103,Astronomical Society of Australia
104,Atheist Foundation of Australia
105,Athletics Australia
106,Auctioneers and Valuers Association of Australia
107,Audiological Society of Australia
108,Audit Bureau of Australia
109,AusBiotech
110,Ausglass
111,The Australian Federation of SPELD Associations
112,Aussie Helpers
113,Austmine
114,Australia 21
115,Australia Africa Business Council
116,Australia Arab Chamber of Commerce and Industry
117,Australia Belted Galloway Association
118,Australia China Business Council
119,Australia Defence Association
120,Australia for UNHCR
121,Australia India Business Council
122,Australia Korean Welfare Association
123,Australia Medic Alert Foundation
124,Australia New Guinea Fishes Association
125,Australia Tibet Council
126,Australia Zoo Wildlife Warriors Worldwide
127,Australia-ASEAN Business Council
128,Australia-Brazil Chamber of Commerce
129,Australia-Fiji Business Council
130,Australia-Hungary Chamber of Commerce and Industry
131,Australia-Israel Chamber of Commerce
132,Australia-Japan Business Cooperation Committee
133,Australia-Latin America Business Council
134,Australia-Malaysia Business Council
135,Australia-Papua New Guinea Business Council
136,Australia-Philippines Business Council
137,Australia-Singapore Chamber of Commerce and Industry
138,Australia-Taiwan Business Council
139,Australia-Thailand Business Council
140,Australia/Israel and Jewish Affairs Council
141,Australian Academy of Science
142,Australian Academy of Technological Sciences and Engineering
143,Australian Academy of the Humanities
144,Australian Acoustical Society
145,Australian Acupuncture and Chinese Medicine Association
146,Australian Addison's Disease Association
147,Australian Advisory Board on Autism Spectrum Disorders
148,Australian Aerobatic Club
149,Australian Agricultural and Resource Economics Society
150,Australian Airports Association
151,Australian Alpaca Association
152,Australian Aluminium Council
153,"Australian Amusement, Leisure and Recreation Association"
154,Australian and NZ College of Anaesthetists
155,Australian Animal Protection Society
156,Australian Anti-Fluoridation Association
157,Australian Antique and Art Dealers Association
157,Australian Antique and Art Dealers Association
158,Australian Arabic Council
159,Australian Archaeological Association
160,Australian Asphalt Pavement Association
161,Australian Association for Circus and Physical Theatre
162,Australian Association for Environmental Education
163,Australian Association for Infant Mental Health
164,Australian Association for Maritime Affairs
165,Australian Association for Maritime History
166,Australian Association for Professional and Applied Ethics
167,Australian Association for Research in Education
168,Australian Association for the Teaching of English
169,Australian Association for the Wellbeing of Children in Healthcare
170,Australian Association of Consultant Pharmacy
171,Australian Association of Consulting Archaeologists
172,Australian Association of Food Professionals
173,Australian Association of Gerontology
174,Australian Association of Graduate Employers
175,Australian Association of Jewish Holocaust Survivors and Descendents
176,Australian Association of Leather Industries
177,Australian Association of Massage Therapists
178,Australian Association of Mathematics Teachers
179,Australian Association of Musical Instrument Makers
180,Australian Association of National Advertisers
181,Australian Association of Pathology Practices
182,Australian Association of Social Workers
183,Australian Association of Special Education
184,Australian Association of Stud Merino Breeders
185,Australian Association of Surgeons
186,Australian Association of Time Table Collectors
187,Australian Automobile Association
188,Australian Automobile Dealers Association
189,Australian Automotive Aftermarket Association
190,Australian Badge Club
191,Australian Baha'i Community
192,Australian Ballet Society
193,Australian Ballet
194,Australian Ballooning Federation
195,Australian Banana Growers Council
196,Australian Band and Orchestra Directors' Association
197,Australian Bankers' Association
198,Australian Bar Association
199,Australian Bartenders Guild
200,Australian Baseball Federation
201,Australian Beef Association
202,Australian Beverages Council
203,Australian Biathlon Association
204,Australian Billiards and Snooker Council
205,Australian Bird Study Association
206,Australian Birthright Movement
207,Australian Blueberry Growers Association
208,Australian Booksellers Association
209,Australian Bowhunters Association
210,Australian Boys Choral Institute
211,Australian Braford Society
212,Australian Brahman Breeders Association
213,Australian Brangus Cattle Association
214,Australian Breastfeeding Association
215,Australian Bridge Federation
216,Australian British Chamber of Commerce
217,Australian Business Volunteers
218,Australian Businesswomen's Network
219,Australian Calisthenic Federation
220,Australian Camps Association
221,Australian Cancer Research Foundation
222,Australian Cane Farmers Association
223,Australian Cane Growers Council
224,Australian Canning Fruitgrowers Association
225,Australian Canoeing
226,Australian Carnivorous Plant Society
227,Australian Cartophilie Society
228,Australian Carwash Association
229,Australian Cashmere Growers Association
230,Australian Cat Federation
231,Australian Catalogue Association
232,Australian Catholic Social Justice Council
233,Australian Cattle Veterinarians
234,Australian Centre for Independent Journalism
235,Australian Ceramic Society
236,Australian Ceramics Association
237,Australian Chamber of Commerce and Industry
238,Australian Chamber of Fruit and Vegetable Industries
239,Australian Chicken Growers Council
240,Australian Chicken Meat Federation
241,Australian Childhood Foundation
242,Australian Children's Television Foundation
243,Australian Chinese and Descendants Mutual Association
244,Australian Christian Forum on Education
245,Australian Christian Lobby
246,Australian Civil Liberties Union
247,Australian Clay Target Association
248,Australian Coal Association
249,Australian Collectors and Debt Buyers Association
250,Australian College of Children's and Young People's Nurses
251,Australian College of Critical Care Nurses
252,Australian College of Educators
253,Australian College of Mental Health Nurses
254,Australian College of Midwives
255,Australian College of Neonatal Nurses
256,Australian College of Operating Room Nurses
257,Australian College of Rural and Remote Medicine
258,Australian College of Veterinary Scientists
259,Australian Commercial and Media Photographers Association
260,Australian Commercial Galleries Association
261,Australian Committee for UNICEF
262,Australian Commonwealth Games Association
263,Australian Communications Consumer Action Network
264,Australian Community Children's Services
265,Australian Community Services Employers Association
266,Australian Companies Institute
267,Australian Companion Animal Health Foundation
268,Australian Computer Society
269,Australian Conservation Foundation
270,Australian Constructors Association
271,Australian Copyright Council
272,Australian Coral Reef Society
273,Australian Corporate Lawyers Association
274,Australian Corriedale Association
275,Australian Council for Adult Literacy
276,Australian Council for Computers in Education
277,Australian Council for Educational Leaders
278,"Australian Council for Health, Physical Education and Recreation"
279,Australian Council for Private Education and Training
280,Australian Council of Film Societies
281,Australian Council of National Trusts
282,Australian Council of Social Service
283,Australian Council of State School Organisations
284,Australian Council of Stoma Associations
285,Australian Council of Super Investors
286,Australian Council of TESOL Associations
287,Australian Council of Trade Unions
288,Australian Council of Wool Exporters and ProcessorsInc
289,Australian Council on Children and the Media
290,Australian Council on Healthcare Standards
291,Australian Counselling Association
292,Australian Credit Union Employers' Association
293,Australian Cricketers' Association
294,Australian Croquet Association
295,Australian Culinary Federation
296,Australian Curriculum Studies Association
297,Australian Custodial Services Association
298,Australian Dairy Farmers
299,Australian Dairy Products Federation
300,Australian Dance Council
301,Australian Day Hospital Association
302,Australian Deer Association
303,Australian Democrats
304,Australian Dental Association
305,Australian Dental Prosthetists Association
306,Australian Dermatology Nurses' Association
307,Australian Diabetes Council
308,Australian Diabetes Educators Association
309,Australian Diabetes Society
310,Australian Diagnostic Imaging Association
311,Australian Die Casting Association
312,Australian Directors Guild
313,Australian Dispensing Opticians Association
314,Australian Drilling Industry Association
315,Australian Drilling Industry Training Committee
316,Australian Drug Foundation
317,Australian Earthquake Engineering Society
318,Australian Education Union
319,Australian Endurance Riders Association
320,Australian Engravers and Signmakers Association
321,Australian Entertainment Agents Association
322,Australian Entomological Society
323,Australian Environmental Pest Managers Association
324,Australian Equipment Lessors Association
325,Australian Experimental Art Foundation
326,Australian Fabians
327,Australian Facetors Guild
328,Australian Family Association
329,Australian Federal Police Association
330,Australian Federation Against Copyright Theft
331,Australian Federation of AIDS Organisations
332,Australian Federation of Air Pilots
333,Australian Federation of Civil Celebrants
334,Australian Federation of Employers and Industries
335,Australian Federation of Friends of Museums
336,Australian Federation of Graduate Women
337,Australian Federation of Islamic Councils
338,Australian Federation of Lapidary and Allied Crafts Associations
339,Australian Federation of Medical Women
340,Australian Federation of Modern Language Teachers Associations
341,Australian Federation of Totally and Permanently Apacitated
342,Australian Federation of Travel Agents
343,Australian Federation of Ukrainian Organisations
344,Australian Fencing Federation
345,Australian Film Institute
346,Australian Finance Conference
347,Australian Financial Markets Association
348,Australian Fire Managers Association
349,Australian Fishing and Lifestyle Party
350,Australian Fitness Network
351,Australian Fleet Lessors Association
352,Australian Flute Society
353,Australian Fodder Industry Association
354,Australian Food and Grocery Council
355,Australian Football League
356,Australian Forest Growers
357,Australian Forest Products Association
358,Australian Foundation for Disability
359,Australian Funeral Directors Association
360,Australian Furniture Association
361,Australian Furniture Removers Association
362,Australian Galloway Association
363,Australian Garden History Society
364,Australian Garlic Industry Association
365,Australian Gas Association
366,Australian Gelbvieh Association
367,Australian Geography Teachers' Association
368,Australian Geomechanics Society
369,Australian German Association
370,Australian Gift and Homewares Association
371,Australian Glass and Glazing Association
372,Australian Golf Course Superintendents Association
373,Australian Grain Exporters Association
374,Australian Graphic Design Association
375,Australian Greek Welfare Society
376,Australian Greens
377,Australian Greeting Card Association
378,Australian Greyhound Racing Association
379,Australian Guild of Music and Speech
380,Australian Guild of Music Education
381,Australian Handball Federation
382,Australian Health Promotion Association
383,Australian Healthcare and Hospitals Association
384,Australian Hellenic Educational Progressive Association
385,Australian Herb and Spice Industry Association
386,Australian Herpetological Society
387,Australian Hibiscus Society
388,Australian Higher Education Industrial Association
389,Australian Historic Motoring Council
390,Australian Historical Association
391,Australian Home Entertainment Distributors Association
392,Australian Honey Bee Industry Council
393,Australian Horse Industry Council
394,Australian Horticulture Exporters Association
395,Australian Hotels Association National Office
396,Australian Human Resources Institute
397,Australian Humanists
398,Australian Hypnotherapists' Association
399,Australian Independent Record Labels Association
400,Australian Indigenous Art Trade Association
401,Australian Indigenous Communications Association
402,Australian Indigenous Doctors' Association
403,Australian Indigenous Leadership Centre
404,Australian Industrial Truck Association
405,Australian Industry and Defence Network
406,Australian Industry Greenhouse Network
407,Australian Industry Group
408,Australian Information Industry Association
409,Australian Institute for the Conservation of Cultural Material
410,Australian Institute of Administrative Law
411,Australian Institute of Agricultural Science and Technology
412,Australian Institute of Animal Management
413,Australian Institute of Architects
414,Australian Institute of Building
415,Australian Institute of Building Surveyors
416,Australian Institute of Company Directors
417,Australian Institute of Conveyancers
418,Australian Institute of Credit Management
419,Australian Institute of Energy
420,Australian Institute of Food Science and Technology
421,Australian Institute of Genealogical Studies
422,Australian Institute of Geoscientists
423,Australian Institute of Horticulture
424,Australian Institute of International Affairs
425,Australian Institute of Interpreters and Translators
426,Australian Institute of Judicial Administration
427,Australian Institute of Kinesiologists
428,Australian Institute of Landscape Architects
429,Australian Institute of Landscape Designers and Managers
430,Australian Institute of Marine and Power Engineers
431,Australian Institute of Marine Science
432,Australian Institute of Medical Scientists
433,Australian Institute of Navigation
434,Australian Institute of Occupational Hygienists
435,Australian Institute of Office Professionals
436,Australian Institute of Packaging
437,Australian Institute of Petroleum
438,Australian Institute of Physics
439,Australian Institute of Policy and Science
440,Australian Institute of Professional Intelligence Officers
441,Australian Institute of Professional Photography
442,Australian Institute of Project Management
443,Australian Institute of Quantity Surveyors
444,Australian Institute of Radiography
445,"Australian Institute of Refrigeration, Air Conditioning and Heating"
446,Australian Institute of Superannuation Trustees'
447,Australian Institute of Tourism Officers
448,Australian Institute of Training and Development
449,Australian Insurance Law Association
450,Australian Interactive Media Industry Association
451,Australian Investors Association
452,Australian Islamic Cultural Centre
453,Australian Jewish Historical Society
454,Australian Ju Jitsu Association
455,Australian Karate Federation
456,Australian Karting Association
457,Australian Kinesiology Association
458,Australian Koala Foundation
459,Australian Labor Party
460,Australian Labour and Employment Relations Association
461,Australian Lacrosse Association
462,Australian Lavender Growers Association
463,Australian Lawyers Alliance
464,Australian Library and Information Association
465,Australian Licensed Aircraft Engineers' Association
466,Australian Liquefied Petroleum Gas Association
467,Australian Liquor Stores Association
468,Australian Literacy and Numeracy Foundation
469,Australian Literacy Educators' Association
470,Australian Lithuanian Catholic Federation
471,Australian Little Athletics
472,Australian Livestock and Property Agents Association
473,Australian Livestock and Rural Transporters' Association
474,Australian Local Government Association
475,Australian Local Government Women's Association
476,Australian Lot Feeders Association
477,Australian Lowline Cattle Association
478,Australian Lung Foundation
479,Australian Lychee Growers' Association
480,Australian Macadamia Society
481,Australian Malaysian Singaporean Association
482,Australian Mammal Society
483,Australian Mango Industry Association
484,Australian Manufacturing Workers' Union
485,Australian Manufacturing Workers' Union
486,Australian Manufacturing Workers' Union
487,Australian Marathon Swimming Federation
488,Australian Marching Association
489,Australian Marine Conservation Society
490,Australian Marine Oil Spill Centre Pty
491,Australian Marine Sciences Association
492,Australian Maritime Officers Union
493,Australian Market and Social Research Society
494,Australian Marketing Institute
495,Australian Mathematical Sciences Institute
496,Australian Mathematical Society
497,Australian Mathematics Trust
498,Australian Meals on Wheels Association
499,Australian Meat Processor Corporation
500,Australian Medical Association
501,Australian Medical Students' Association
502,Australian Melon Association
503,Australian Mensa
504,Australian Merino Society
505,Australian Meteorological and Oceanographic Society
506,Australian Military Medicine Association
507,Australian Milking Machine Trade Association
508,Australian Mines and Metals Association
509,Australian Miniature Goat Association
510,Australian Mining History Association
511,Australian Mobile Telecommunications Association
512,Australian Model Railway Association
513,Australian Motor Industry Federation
514,Australian Motorist Party
515,Australian Multiple Birth Association
516,Australian Mushroom Growers Association
517,Australian Music Association
518,Australian Music Centre
519,Australian Music Examinations Board
520,Australian Music Retailers Association
521,Australian Music Therapy Association
522,Australian Nashi Growers Association
523,Australian National Association of Teachers of Singing
524,Australian National Budgerigar Council
525,Australian National Choral Association
526,Australian National Committee on Refugee Women
527,Australian National Dance Association
528,Australian National Four Wheel Drive Council
529,Australian National Kennel Council
530,Australian National Sportfishing Association
531,Australian Natural Therapists Association
532,Australian Naturopathic Practitioners Association
533,Australian Network for Art and Technology
534,Australian Network on Disability
535,Australian Newsagents' Federation
536,Australian Nuclear Association
537,Australian Numismatic Society
538,Australian Nursing and Midwifery Council
539,Australian Nursing Federation
540,Australian Nut Industry Council
541,Australian Oilseeds Federation
542,Australian Olive Association
543,Australian Olympic Committee
543,Australian Olympic Committee
544,Australian Orthopaedic Association
545,Australian Orthotic Prosthetic Association
546,Australian Osteopathic Association
547,Australian Ostrich Association
548,Australian Outward Bound Foundation
549,Australian Packaging and Processing Machinery Association
550,Australian Pain Society
551,Australian Paint Manufacturers' Federation
552,Australian Parachute Federation
553,Australian Parents Council
554,Australian Payments Clearing Association
555,Australian Pecan Growers Association
556,Australian Pedorthic Medical Grade Footwear Association
557,Australian Performing Arts Centre Association
558,Australian Petroleum Production and Exploration Association
559,Australian Philatelic Federation
560,Australian Philatelic Society
561,Australian Photographic Collectors' Society
562,Australian Photographic Society
563,Australian Physiotherapy Association
564,Australian Pig Breeders Association
565,Australian Pipe Band Association
566,Australian Pipeline Industry Association
567,Australian Playing Card Collectors Society
568,Australian Poetry Centre
569,Australian Political Studies Association
570,Australian Poll Dorset Association
571,Australian Polo Council
572,Australian Pony Stud Book Society
573,Australian Pork
574,Australian Poultry Industries Association
575,Australian Power Boat Association
576,Australian Practice Nurses Association
577,Australian Prawn Farmers Association
578,Australian Press Council
579,Australian Primary Principals Association
580,Australian Private Equity and Venture Capital Association
581,Australian Private Hospitals Association
582,Australian Professional Fingernail Association
583,Australian Professional Footballers' Association
584,Australian Professional Rodeo Association
585,Australian Professional Teachers' Associations
586,Australian Property Institute
587,Australian Protectionist Party
588,Australian Psychological Society
589,Australian Publishers Association
590,Australian Quarter Horse Association
591,Australian Quilters Association
592,Australian Racing Drivers Club
593,"Australian Rail, Tram and Bus Industry Union"
594,Australian Rainforest Conservation Society
595,Australian Record Industry Association
596,Australian Recreational and Sport Fishing Industry Confederation
597,Australian Red Cross
598,Australian Registered Cattle Breeders Association
599,Australian Renderers' Association
600,Australian Republican Movement
601,Australian Respiratory Council
602,Australian Resuscitation Council
603,Australian Retailers Association
604,Australian Rheumatology Association
605,Australian Rhododendron Society
606,Australian Road Train Association
607,Australian Road Transport Suppliers Association
608,Australian Rock Art Research Association
609,Australian Saddle Pony Association
610,Australian Salaried Medical Officers Federation
611,Australian Salers Association
612,Australian Sales and Marketing Institute
613,Australian Schools Rugby Union
614,Australian Science Teachers Association
615,Australian Screen Editors Guild
616,Australian Secondary Principals Association
617,Australian Security Industry Association
618,Australian Seed Federation
619,Australian Self-Medication Industry
620,Australian Seniors Computer Clubs Association
621,Australian Services Roundtable
622,Australian Services Union
623,Australian Sewing Guild
624,Australian Sex Party
625,Australian Shareholders' Association
626,Australian Sheep Breeders Association
627,Australian Ship Repairers Group
628,Australian Shipbuilders Association
629,Australian Shipowners Association
630,Australian Sikh Association
631,Australian Simmental Breeders Association
632,Australian Skeptics
633,Australian Ski Patrol Association
634,Australian Small Animal Veterinary Association
635,Australian Society for Biochemistry and Molecular Biology
636,Australian Society for Fish Biology
637,Australian Society for Historical Archaeology
638,Australian Society for Intercountry Aid Children
639,Australian Society for Medical Research
640,Australian Society for Microbiology
641,Australian Society for Music Education
642,Australian Society for Sports History
643,Australian Society of Anaesthetists
644,Australian Society of Archivists
645,Australian Society of Association Executives
646,Australian Society of Authors
647,Australian Society of Calligraphers
648,Australian Society of Clinical Hypnotherapists
649,Australian Society of Endodontology
650,Australian Society of Exploration Geophysicists
651,Australian Society of Horticultural Science
652,Australian Society of Hypnosis
653,Australian Society of Orthodontists
654,Australian Society of Otolaryngology Head and Neck Surgery
655,Australian Society of Plastic Surgeons
656,"Australian Society of Sexuality Educators, Researchers and Therapists"
657,Australian Society of Soil Science
658,Australian Society of Sugar Cane Technologists
659,Australian Society of Viticulture and Oenology
660,Australian Songwriters Association
661,Australian Sonographers Association
662,Australian Speech Communication Association
663,Australian Speleological Federation
664,Australian Spiritualist Union of Churches
665,Australian Sport Aviation Confederation
666,Australian Sports Organisation for the Disabled
667,Australian Sports Rotorcraft Association
668,Australian Stabilisation Industry Association
669,Australian Stainless Steel Development Association
670,Australian Steel Institute
671,Australian Stock Horse Society
672,Australian Subscription Television and Radio Association
673,Australian Sugar Milling Council
674,Australian Superfine Wool Growers Association
675,Australian Swimming Coaches and Teachers Association
676,Australian Table Grape Association
677,Australian Tax Research Foundation
678,Australian Taxi Industry Association
679,Australian Tea Tree Industry Association
680,Australian Teachers of Media
681,Australian Technical Analysts Association
682,Australian Technical Millers Association
683,Australian Teleservices Association
684,Australian Tennis Professional Coaches Association
685,Australian Texel Stud Breeders Association
686,Australian Textile Arts and Surface Design Association
687,Australian Thyroid Foundation
688,Australian Tourism Export Council
689,Australian Toy Association
690,Australian Track and Field Coaches Association
691,Australian Traditional-Medicine Society
692,Australian Trail Horse Riders Association
693,Australian Trainers Association
694,Australian Trucking Association
695,Australian Turf Club
696,Australian Turkish Association
697,Australian Turkish Cypriot Cultural and Welfare Association
698,Australian Tutoring Association
699,Australian University Sport
700,Australian Vegetarian Society
701,Australian Vending Association
702,Australian Veterans and Defence Services Council
703,Australian Veterinary Association
704,Australian Video Rental Retailers Association
705,Australian Vine Improvement Association
706,Australian Vocational Education and Training Research Association
707,Australian Voice Association
708,Australian Volleyball Federation
709,Australian Wagyu Association
710,Australian Walnut Industry Association
711,Australian Water Association
712,Australian Water Polo
713,Australian Waterski and Wakeboard Federation
714,Australian Web Industry Association
715,Australian Weightlifting Federation
716,Australian White Suffolk Association
717,Australian Wildlife Protection Council
718,Australian Window Association
719,Australian Wine Research Institute
720,Australian Women in Agriculture
721,Australian Women Lawyers
722,Australian Women Pilots Association
723,Australian Women's and Gender Studies Association
724,Australian Women's Health Network
725,Australian Wood Panels Association
726,Australian Wool Growers Association
727,Australian Workers' Union
728,Australian Writers' Guild
729,Australian Youth Orchestra
730,Australian-American Fulbright Commission
731,Australiana Society
732,Australians for Constitutional Monarchy
733,Australians for Native Title and Reconciliation
734,Austrian Consulate General
735,AUSVEG
736,Autism Behavioural Intervention Association
737,Autism Spectrum Australia
738,Auto Parts Recyclers Association of Australia
739,Aviation Historical Society of Australia
740,Avicultural Society of Australia
741,Avocados Australia
742,Ayrshire Australia
743,Badminton Australia
744,Baker IDI
745,Baking Manufacturers' Industry Association of Australia
746,Baptist Union of Australia
747,Barley Australia
748,Barnardos Australia
749,Basketball Australia
750,Beacon Foundation
751,Beef Shorthorn Society of Australia
752,Benevolent Society
753,The National Depression Initiative
754,Bible League
755,Bible Society Australia
756,BICSI
757,Bicycle Industries Australia
758,Billings LIFE Leaders In Fertility Education
759,Biodynamic Agriculture Australia
760,Biofuels Association of Australia
761,Biological Farmers of Australia
762,Birds Australia
763,Birthline Pregnancy Support
764,Blind Citizens Australia
765,Blind Manufacturers Association of Australia
766,Blind Sports Australia
767,Bluegrass and Traditional Country Music Society of Australia
768,BMX Australia
769,Board of Airline Representatives of Australia
770,Bocce Federation of Australia
771,Boer Goat Breeders Association
772,Bone Health Foundation
773,Book Collectors Society of Australia
774,Bowel Group for Kids
775,Bowls Australia
776,Boxing Australia
777,BoysTown
778,Bradman Foundation
779,Brain Foundation
780,Brain Injury Australia
781,Brainwave Australia
782,Bravehearts
783,Brazilian Community Council of Australia
784,Breast Cancer Institute of Australia
785,Breast Cancer Network Australia
786,British Australian Community
787,British Council Australia
788,Bromeliad Society of Australia
789,Brotherhood of St Laurence
790,Brown Swiss Cattle Breeders of Australia
791,Building Australia Party
792,Building Service Contractors Association of Australia
793,Bulky Goods Retailers Association
794,Bus Industry Confederation
795,Bush Heritage Australia
796,Bushwalking Australia
797,Business and Professional Women Australia
798,Business Council of Australia
799,Business Events Council of Australia
800,Business Software Alliance
801,Butterfly Foundation
802,Cabinet Makers Association
803,Camp Quality
804,Canadian Australian Chamber of Commerce
805,Cancer Council Australia
806,CanTeen Australian Organisation for Young People Living with Cancer
807,CARE Australia
808,Care Connect
809,Care Leavers of Australia Network
810,Career Development Association of Australia
811,Carers Alliance
812,Carers Australia
813,Caritas Australia
814,Carpet Institute of Australia
815,Catholic Health Australia
816,Catholic Secondary Principals Australia
817,Catholic Social Services
818,Catholic Womens League Australia
819,Cattle Council of Australia
820,Cave Divers Association of Australia
821,CBM Australia
822,Cecchetti Ballet Australia
823,Celtic Council of Australia
824,Cement Concrete and Aggregates Australia
825,Cement Industry Federation
826,Central Australian Aboriginal Congress
827,Central Australian Aboriginal Media Association
828,Central Australian Show Society
829,Centre for Independent Studies
830,Centre for Strategic Education
831,Chamber Music Australia
832,Chartered Institute of Logistics and Transport
832,Chartered Institute of Logistics and Transport
833,Chartered Institute of Management Accountants
834,Chartered Institution of Building Services Engineers
835,Chartered Secretaries Australia
836,Cherry Growers of Australia
837,Chestnuts Australia
838,Child Abuse Prevention Service
839,Child and Family Welfare Association of Australia
840,Children with Disability Australia
841,Children's Book Council of Australia
842,Children's Cancer Institute Australia for Medical Research
843,Children's Medical Research Institute
844,Children's Protection Society
845,Chiropractors' Association of Australia
847,Choose Cruelty Free
848,Christian Democratic Party
849,Christian Education National
850,Christian Venues Association
851,Chronic Illness Alliance
852,Church Missionary Society
853,Circus Federation of Australia
854,Citizens Committee on Human Rights
855,Citizens Electoral Council of Australia
856,Citrus Australia
857,Civil Air Australia
858,Civil Contractors Federation
859,Civil Liberties Australia
860,Clean Energy Council
861,Clean Up Australia
862,Clinical Oncological Society of Australia
862,Clinical Oncological Society of Australia
863,Club Managers' Association Australia
864,Cochlear Implant Club and Advisory Association
865,Coeliac Australia
866,Colong Foundation for Wilderness
867,Commercial Asset Finance Brokers Association of Australia
868,Commercial Law Association of Australia
869,Commercial Radio Australia
870,Committee for Economic Development of Australia
871,Commonwealth Society of Teachers of Dancing
872,Communication Research Institute
873,Communications Alliance
874,Communications and Media Law Association
875,Communist Party of Australia
876,Community and Public Sector Union
877,Community and Public Sector Union
878,Community Broadcasting Association of Australia
879,Community Broadcasting Foundation
880,Community Colleges Australia
881,Community Housing Federation of Australia
882,Community Information Strategies Australia
883,Community Newspapers of Australia
884,Community Restorative Centre
885,Company of Master Mariners of Australia
886,Complementary Healthcare Council of Australia
887,Concrete Institute of Australia
888,Concrete Masonry Association of Australia
889,Confederation of Australian Motor Sport
890,Confederation of Australian Sport
891,Confederation of Postgraduate Medical Education Councils
892,Conservation Volunteers Australia
893,Construction and Mining Equipment Industry Group
894,"Construction, Forestry, Mining and Energy Union"
895,"Construction, Forestry, Mining and Energy Union"
896,Consult Australia
897,Consumer Electronics Suppliers' Association
898,Consumers Health Forum of Australia
899,Consumers' Federation of Australia
900,Contemporary Sculptors Association
901,Continence Foundation of Australia
902,Convenience and Mixed Business Association
903,Coordinating Cat Council of Australia
904,Copper Development Centre Australia
905,Copyright Agency
906,Cornea and Contact Lens Society of Australia
907,Corporate Superannuation Association
908,Corporate Tax Association of Australia
909,Cosmetic Physicians Society of Australia
910,Cotton Australia
911,"Council for the Humanities, Arts and Social Sciences"
912,Council of Australian Postgraduate Associations
913,Council of Australian Scrabble Players Association
914,Council of Australian University Librarians
915,Council of Estonian Societies in Australia
916,Council of Small Business Organisations of Australia
917,Council of Textile and Fashion Industries of Australia
917,Council of Textile and Fashion Industries of Australia
918,Country Alliance
919,Country Music Association of Australia
920,Country Women's Association of Australia
921,CREATE Foundation
922,Cricket Australia
923,Crime Victims Support Association
924,Crisis Support Services
925,Crohn's and Colitis Australia
926,CropLife Australia
927,CSR and Holcim Staff Association
928,Custom Electronic Design and Installation Association
929,Customer Service Institute of Australia
930,Customs Brokers and Forwarders Council of Australia
931,Cycling Australia
932,Cystic Fibrosis Australia
933,Dairy Australia
934,Dairy Goat Society of Australia
935,Dairy Industry Association of Australia
936,Dalgarno Institute
937,Damara Sheep Breeders Society of Australia
938,Dance-Movement Therapy Association of Australia
939,Darts Australia
940,Day of Difference Foundation
941,Deaf Australia
942,Deaf Basketball Australia
943,Deaf Sports Australia
944,Deb Bailey Foundation
945,Decoupage Guild Australia
946,Deer Industry Association of Australia
947,Defence Force Welfare Association
948,Defence Reserves Support Council
949,Democratic Labor Party
950,Dental Assistants Association of Australia
951,Dental Hygienists Assistants Association of Australia
952,Design Institute of Australia
953,Devon Cattle Breeders Society of Australia
954,Diabetes Australia
955,Dietitians Association of Australia
956,Direct Selling Association of Australia
957,Disability Employment Australia
958,Disability Services Australia
959,Disabled Motorists
960,Disabled Wintersport Australia
960,Disabled Wintersport Australia
961,Discharge Planning Association
962,Distilled Spirits Industry Council of Australia
963,Diversional Therapy Australia
964,Diversity Council Australia
965,Diving Australia
966,Doctors Reform Society of Australia
967,Dorper Sheep Society of Australia
968,Drama Australia - The National Association for Drama Education
969,Dried Fruits Australia
970,Drycleaning Institute of Australia
971,Dutch Australian Society `Abel Tasman`
972,Dystrophic Epidermolysis Bullosa Research Association of Australia
973,Early Childhood Australia
974,Early Childhood Intervention Australia
975,Early Childhood Teachers' Association
976,East Turkistan Australian Association
977,Ecological Society of Australia
978,Economic Society of Australia
979,Ecotourism Australia
980,Education Plus
981,Electrical and Communications Association
982,Electrical Trades Union
983,EMILY'S List Australia
984,Employee Assistance Professionals Association of Australia
985,Employee Ownership Australia Limited
986,Endeavour Forum
987,Endeavour Foundation
988,Endocrine Society of Australia
989,Energy Networks Association
990,Energy Retailers Association of Australia
991,Energy Supply Association of Australia
992,Engineers Australia
993,English Australia
994,Epilepsy Action Australia
995,Epilepsy Society of Australia
996,Equestrian Australia
997,Equine Veterinarians Australia
998,Eros Association
999,Essential Oil Producers Association of Australia
1000,ESTIA Foundation of Australia
1001,Executive Council of Australian Jewry
1002,Exercise and Sports Science Australia
1003,Export Council of Australia
1004,Facility Management Association of Australia
1005,Families and Friends for Drug Law Reform
1006,Families and Friends of the First AIF
1007,Families Australia
1008,Family Business Australia
1009,Family Day Care Australia
1010,Family First
1011,Family Relationship Services Australia
1012,Fashion Technicians Association of Australia
1013,Fatherhood Foundation
1014,Federal Association of Teachers of Dancing
1015,Federal Chamber of Automotive Industries
1016,Federal Council of Australian Apiarists' Associations
1017,Federation des Alliances Françaises d'Australie
1018,Federation of Australian Astrologers
1019,Federation of Australian Buddhist Councils
1020,Federation of Australian Historical Societies
1021,Federation of Automotive Products Manufacturers
1022,Federation of Chinese Associations
1023,Federation of Ethnic Communities' Councils of Australia
1024,Federation of Japan Societies
1025,Federation of Netherlands Societies
1026,Federation of Russian Welfare Organisations in Australia
1027,Fellowship of Australian Writers
1028,Females in Information Technology and Telecommunications
1029,Fertility Society of Australia
1030,Field and Game Australia
1031,Finance and Treasury Association
1032,Finance Brokers Association of Australia
1033,Finance Sector Union of Australia
1034,Financial Counselling Australia
1035,Financial Planning Association of Australia
1036,Financial Services Accountants Association
1037,Financiers Association of Australia
1038,Financial Services Institute of Australia
1039,Fire Protection Association Australia
1040,First Nations Political Party
1041,Fitness Australia
1042,Fitness Institute Australia
1043,Flag Society of Australia
1044,Flight Attendants Association of Australia
1045,Folk Alliance Australia
1046,Folk and Decorative Artists' Association of Australia
1047,Food and Beverage Importers Association
1048,Food Safety Information Council
1049,Football Federation Australia
1050,Foreign Correspondents Association of Australia
1051,ForestWorks
1052,Foundation for Australia's Most Endangered Species
1053,Foundation for National Parks and Wildlife
1054,Franchise Council of Australia
1055,Fred Hollows Foundation
1056,Free Range Egg and Poultry Australia
1057,Free TV Australia
1058,"Freedom, Rights, Environment, Educate Australia Party"
1059,French Australian Chamber of Commerce and Industry
1060,Friends of Libraries Australia
1061,Friends of the ABC
1062,Friends of the Earth
1063,Friends of the National Library of Australia
1064,Fruit Juice Australia
1065,Fund Executives Association
1066,Fundraising Institute Australia
1067,Furnishing Industry Association of Australia
1067,Furnishing Industry Association of Australia
1068,Fusions: Australian Network of Clay and Glass Artists
1069,Gynaecological Awareness Information Network
1070,Galvanizers Association of Australia
1071,Gam-Anon Service Centre
1072,Gamblers Anonymous
1073,Game Developers' Association of Australia
1074,Game Fishing Association of Australia
1075,Gaming Technologies Association
1076,Garden Clubs of Australia
1077,Gas Appliance Manufacturers Association of Australia
1078,Gastroenterological Nurses College
1079,Gastroenterological Society of Australia
1080,Gawler Foundation
1081,Gemmological Association of Australia
1082,Geological Society of Australia
1083,German Australian Chamber of Industry and Commerce
1084,German Austrian Society of Australia
1085,Girl Guides Australia
1086,Girls' Brigade Australia
1087,Gl CANCER Institute
1088,Glaucoma Australia
1089,Gliding Federation of Australia
1090,Goat Industry Council of Australia
1091,Goethe-Institut Australia
1092,Goethe-Institut Australien
1093,Golf Australia
1094,Graduate Careers Australia
1095,Graduate Management Association of Australia
1096,Grain Growers Association
1097,Grain Producers Australia
1098,Grape and Wine Research and Development Corporation
1099,Graphic Arts Merchants Association of Australia
1100,Graphic Arts Services Association of Australia
1101,Grassland Society of Southern Australia
1102,Greening Australia
1103,Gridiron Australia
1104,Group Training Australia
1105,GS1 Australia
1106,Guiding Organisations Australia
1107,Gun Control Australia
1108,Gymnastics Australia
1109,Gynaecological Cancer Society
1110,Habitat for Humanity Australia
1111,Haemophilia Foundation Australia
1112,Hair and Beauty Australia
1113,Hairdressing and Beauty Industry Association
1114,Hand Tool Preservation Association of Australia
1115,Hang Gliding Federation of Australia
1116,Harness Racing Australia
1117,Hazelnut Growers of Australia
1118,Health Information Management Association of Australia
1119,Heart Research Centre
1120,Heart Support Australia
1121,Heating and Cooling Alliance of Australia
1122,Henry Lawson Literary and Memorial Society
1123,Hepatitis Australia
1124,HIA Kitchens and Bathrooms
1125,Higher Education Research and Development Organisation of Australia
1126,Hindu Council of Australia
1127,Hire and Rental Industry Association
1128,Historical Aircraft Restoration Society
1129,Historical Radio Society of Australia
1130,History Teachers' Association of Australia
1131,Hockey Australia
1132,Holstein-Friesian Association of Australia
1133,Home Economics Institute of Australia
1134,Homebirth Australia
1135,Homelessness Australia
1136,Honey Packers and Marketers Association of Australia
1137,Hong Kong Australia Business Association
1138,Horticulture Australia
1139,House With No Steps
1140,Housing Industry Association
1141,HR Nicholls Society
1142,Human Factors and Ergonomics Society of Australia
1143,Humane Research Australia
1144,Humour Foundation
1145,Humpty Dumpty Foundation
1146,Ice Hockey Australia
1147,Ice Skating Australia
1148,iDIDJ Australia
1149,Industrial Foundation for Accident Prevention
1150,Illustrators Australia
1151,Impotence Australia
1152,Inas-Australia Italian Welfare
1153,Incest Survivors Association
1154,Independence Australia
1155,Independent Cinemas Association of Australia
1156,Independent Schools Council of Australia
1157,Information Systems Audit and Control Association
1158,Information Technology Contract and Recruitment Association
1159,Insolvency Practitioners Association of Australia
1160,Inspire Foundation
1161,Institute for Information Management
1162,Institute for Private Enterprise
1163,Institute for the Study of Christianity in an Age of Science and Technology
1164,Institute for the Study of French Australian Relations
1165,Institute of Actuaries of Australia
1166,Institute of Arbitrators and Mediators Australia
1167,Institute of Australian Consulting Arborists
1168,Institute of Australian Geographers
1169,Institute of Automotive Mechanical Engineers
1170,Institute of Certified Management Accountants
1171,Institute of Chartered Accountants in Australia
1172,Institute of Financial Services
1173,Institute of Foresters of Australia
1174,Institute of Hospital Engineering
1175,Institute of Industrial Engineers
1176,Institute of Instrumentation Control and Automation Australia
1177,Institute of Internal Auditors Australia
1178,Institute of Management Consultants
1179,Institute of Mercantile Agents
1180,Institute of Patent and Trade Mark Attorneys of Australia
1181,Institute of Public Accountants
1182,Institute of Public Administration Australia
1183,Institute of Public Works Engineering Australia
1184,Institution of Chemical Engineers
1185,Insurance Council of Australia
1186,Intellectual Property Research Institute of Australia
1187,International Law Association
1188,Internet Industry Association of Australia
1189,Internet Society of Australia
1190,Interpretation Australia Association
1191,Inventors Association of Australia
1192,Irabina Autism Childhood Services
1193,Irish Australian Association
1194,Irish Draught and Sport Horse Society
1195,Irish-Australian Chamber of Commerce
1196,Irrigation Australia Limited
1197,Irritable Bowel Information and Support Association of Australia
1198,Isolated Children's Parents Association
1199,Italia-Australia Association
1200,Italian Chamber of Commerce and Industry in Australia
1201,Italian Institute of Culture
1202,Japan Karate Association of Australia
1203,Japan National Tourism Organisation
1204,Jean Hailes for Women's Health
1205,Jersey Australia
1206,Jewellers Association of Australia
1207,JNF Environmental Association of Australia
1208,Jobs Australia
1209,Judo Federation of Australia
1210,Kid's Cancer Project
1211,Kids Foundation
1212,Kids Under Cover
1213,Knights of the Southern Cross
1214,Koi Society of Australia
1215,La Camara
1216,Label and Tag Manufacturers Association of Australia
1217,Latvian Relief Society of Australia
1218,Law Consumers Association
1219,Law Council of Australia
1220,Leadership Plus
1221,Learning Assistance Programme Association
1222,Lebanese Muslim Association
1223,Legacy Australia
1224,Leprosy Mission Australia
1225,Lesbians
1226,Leukaemia Foundation of Australia
1227,Liberal Democratic Party
1228,Liberal Party of Australia
1229,Lifeline Australia
1230,Lighting Council Australia
1231,Liquor Merchants Association of Australia
1232,Live Performance Australia
1233,lllawarra Cattle Society of Australia
1234,Local Government Managers Australia
1235,Logistics Association of Australia
1236,Lone Fathers Association Australia
1237,Maccabi Australia
1238,Macular Degeneration Foundation
1239,Magazine Publishers of Australia
1240,Maize Association of Australia
1241,Make-A-Wish Australia
1242,Mapping Sciences Institute
1243,Marine and Coastal Community Network
1244,Maritime Union of Australia
1245,Marriage and Relationship Educators' Association of Australia
1246,Martial Arts Industry Association
1247,Master Builders Australia
1248,Master Fish Merchants' Association of Australia
1249,Master Grocers Australia
1250,Master Plumbers and Mechanical Services Association of Australia
1251,Materials Australia
1252,Maternity Coalition
1253,Meat and Livestock Australia
1254,Medecins Sans Frontieres
1255,Media Federation of Australia
1256,"Media, Entertainment and Arts Alliance"
1257,Medical Advances Without Animals Trust
1258,Medical Association for Prevention of War
1259,Medical Error Action Group
1260,Medical Indemnity Protection Society
1261,Medical Technology Association of Australia
1262,Medicines Australia
1263,Meetings and Events Australia
1264,Melanoma Institute Australia
1265,Men's Rights Agency
1266,MensLine Australia
1267,Mental Health Council of Australia
1268,Mental Illness Fellowship of Australia
1269,Metal Roofing and Wall Cladding Association
1270,Metrology Society of Australia
1271,Middle Years of Schooling Association
1272,Migration Institute of Australia
1273,Military Historical Society of Australia
1274,Mine Managers' Association of Australia
1275,Minerals Council of Australia
1276,Mirabel Foundation
1277,Mission Australia
1278,Model Aeronautical Association of Australia
1279,Mohair Australia
1280,Mortgage and Finance Association of Australia
1281,Mothers Union in Australia
1282,Motion Picture Distributors' Association of Australia
1283,Motor Neurone Disease Australia
1284,Murray Darling Association
1285,Murray Grey Beef Cattle Society
1286,Muscular Dystrophy Australia
1287,Museums Australia
1288,Music Council of Australia
1289,Musicians Union of Australia
1290,Musicological Society of Australia
1291,Muslim Aid Australia
1292,Narcotics Anonymous Australia
1293,National Aboriginal Community Controlled Health Organisation
1294,National Aboriginal Sports Corporation Australia
1295,National Amusement Machine Operators Association
1296,National Aquaculture Council
1297,National Association for Gambling Studies
1298,National Association for Prevention of Child Abuse and Neglect
1299,National Association for Sustainable Agriculture Australia
1299,National Association for Sustainable Agriculture Australia
1300,National Association for the Visual Arts
1301,National Association of Agricultural Educators
1302,National Association of Community Legal Centres
1303,National Association of Food Equipment Suppliers
1304,National Association of Furniture Agents
1305,National Association of People Living With HIV/AIDS
1306,National Association of Retail Grocers of Australia
1307,National Association of Services Against Sexual Violence
1308,National Association of Specialist Obstetricians and Gynaecologists
1309,National Association of Testing Authorities Australia
1310,National Association of Women in Construction
1311,National Asthma Council Australia
1312,National Australia Day Council
1313,National Baking Industry Association
1314,National Band Council of Australia
1315,National Basketball League
1316,National Breast Cancer Foundation
1317,National Bulk Tanker Association
1318,National Catholic Education Commission
1319,National Centre for Vocational Education Research
1320,National Civic Council
1321,National Cleaning Suppliers Association
1322,National Council of Churches in Australia
1323,National Council of Jewish Women of Australia
1324,National Council of Women of Australia
1325,National Council of Wool Selling Brokers of Australia
1326,National Council on Intellectual Disability
1327,National Disability Services
1328,National Electrical and Communications Association
1329,National Employment Services Association Limited
1330,National Enrolled Nurses Association
1331,National Environmental Law Association
1332,National Ethnic and Multicultural Broadcasters Council
1333,National Ethnic Disability Alliance
1334,National Farmers' Federation
1335,National Film and Sound Archive of Australia
1336,National Fire Industry Association
1337,National Footwear Retailers Association
1338,National Foundation for Australian Women
1339,National Funeral Directors' Association of Australia
1340,National Heart Foundation of Australia
1341,National Herbalists Association of Australia
1342,National Herd Improvement Association of Australia
1343,National Independent Retailers Association
1344,National Indigenous Radio Service
1345,National Institute for Christian Education
1346,National Insurance Brokers Association of Australia
1347,National Interior Plantscape Association
1348,National LGBTI Health Alliance
1349,National Out of School Hours Services Association
1350,National Pharmaceutical Services Association
1351,National Precast Concrete Association Australia
1352,National Product Liability Association
1353,National Retail Association
1354,National Rifle Association of Australia
1355,National Rodeo Council of Australia
1356,National Rose Society of Australia
1357,National Rugby League
1358,National Rural Health Alliance
1359,National Safety Council of Australia
1360,National Secretariat JCI Australia
1361,National Seniors Australia
1362,National Space Society of Australia
1363,National Speakers Association of Australia
1364,National Square Dance Society of Australia
1365,National Stroke Foundation
1366,National Stud Sheep Breeders Association
1367,National Tax and Accountants Association
1368,National Tertiary Education Union
1369,National Tourism Alliance
1370,National Union of Students
1371,National Union of Workers
1372,National Vending Association
1373,National Woman's Christian Temperance Union
1374,National Road Transport Association
1375,Naturopathic Practitioners Association
1376,Naval Association of Australia
1377,Naval Historical Society of Australia
1377,Naval Historical Society of Australia
1378,Navy League of Australia
1379,Netball Australia
1380,Neurophysiological Sciences Society of Australia
1381,NF Australia
1382,Nicanlnc
1383,No Carbon Tax Climate Sceptics
1384,Non Smokers Movement of Australia
1385,Nursery and Garden Industry Australia
1386,Nurses Christian Fellowship Australia
1387,Nutrition Australia
1388,Nutrition Society of Australia
1389,Oaktree Foundation
1390,Occupational Therapy Australia
1391,OceanWatch Australia
1392,Older People Speak Out
1393,Older Womens Network Australia
1394,One Nation
1395,Onions Australia
1396,Open Family Australia
1397,Optometrists Association Australia
1398,Organ Historical Trust of Australia
1399,Organic Agriculture Association
1400,Organic Federation of Australia
1401,Orienteering Australia
1402,Orthoptics Australia
1403,Osteoporosis Australia
1404,Outdoor Council of Australia
1405,Outdoor Media Association
1406,Outdoor Power Equipment Association
1407,Ovarian Cancer Australia
1408,Ovarian Cancer Research Foundation
1409,Overnight Airfreight Operators' Association
1410,Oxfam Australia
1411,Oz Child: Children Australia
1412,Packaging Council of Australia
1413,Pagan Awareness Networkorporated
1414,Paint Horse Association of Australia
1415,Palliative Care Australia
1416,Palm and Cycad Societies of Australia
1417,Parkinson's Australia
1418,Parks and Leisure Australia
1419,Parrot Society of Australia
1420,Partners in Aid
1421,Passionfruit Australia
1422,Patrons and Friends of Opera Australia
1423,Pet Food Industry Association of Australia
1424,Pet Industry Association of Australia
1425,Peter MacCallum Cancer Centre
1426,Pharmaceutical Society of Australia
1427,Philanthropy Australia
1428,Phonographic Performance Company of Australia
1429,Physical Activity Australia
1430,PIONEERS of Australia
1431,Pistachio Growers Association
1432,Pistol Australia
1434,Planning Institute Australia
1435,Plastics and Chemicals Industries Association
1436,Playgroup Australia
1437,Police Federation of Australia
1438,Police Insignia Collectors Association of Australia
1439,Polish Australian Cultural Society
1440,Polish Community Council
1441,Polish Ex-Servicemen's Association in Australia
1442,Polocrosse Association of Australia
1443,Polycystic Ovarian Syndrome Association
1444,Pony Club Australia
1445,Ports Australia
1446,Post and Antenatal Depression Association
1447,Potato Processors Association of Australia
1448,Powerlifting Australia
1449,Pregnancy Help Australia
1450,Primary English Teachers Association Australia
1451,Principals Australia Institute
1452,Print Council of Australia
1453,Printing Industries Association of Australia
1454,Private Doctors of Australia
1455,Private Healthcare Australia
1456,Private Treaty Wool Merchants of Australia
1457,Professional Golfers Association of Australia
1458,Professional Squash Coaches Association of Australia
1459,Professional Tour Guide Association of Australia
1460,Professions Australia
1461,Project Respect
1462,Property Council of Australia
1463,Property Funds Association of Australia
1464,Property Investors Association of Australia
1465,Proportional Representation Society of Australia
1466,Prosper Australia
1467,Prostate Cancer Foundation of Australia
1468,Protected Cropping Australia
1469,Psoriasis Australia
1470,Public Health Association of Australia
1471,Public Relations Institute of Australia
1472,Publishers Australia
1473,Publishers' Advertising Advisory Bureau
1474,Puffing Billy Preservation Society
1475,Pulse Australia
1476,Pump Industry Australia
1477,Rail Track Association Australia
1478,Raspberries and Blackberries Australia
1479,Rationalist Society of Australia
1480,Real Estate Institute of Australia
1481,Reconciliation Australia
1482,Red Meat Advisory Council
1483,Redkite
1484,Refrigerants Australia
1485,Refrigerated Warehouse and Transport Association of Australia
1486,Refugee Council of Australia
1487,Regional Aviation Association of Australia
1488,RELATEWELL
1489,Relationships Australia
1490,Religious Society of Friends in Australia
1491,Renewable Fuels Australia
1492,Republican Party of Australia
1493,Research Australia
1494,Resources Industry Skills Association
1495,Restaurant and Catering Australia
1496,Retirement Village Association
1497,Rett Syndrome Association of Australia
1498,Returned and Services League of Australia
1499,Ricegrowers Association of Australia
1500,Riding for the Disabled Association
1501,Right to Life Australia
1502,Roadmarking Industry Association of Australia
1503,Roads Australia
1504,Rolls Royce Owners Club of Australia
1505,Romance Writers of Australia
1506,Ronald McDonald House Charities
1507,Rowing Australia
1508,Royal Australian Air Force Association
1509,Royal Australian Chemical Institute
1510,Royal Australian College of General Practitioners
1511,Royal Australian Historical Society
1512,Royal Australian Regiment Association
1513,Royal College of Nursing Australia
1514,Royal Institute for Deaf and Blind Children
1515,Royal Life Saving Society Australia
1516,Royal United Services Institute of Australia
1517,RPH Australia
1518,RSPCA Australia
1519,Rural Doctors Association of Australia
1520,Rural Health Workforce Australia
1521,Safety Institute of Australia
1522,SANE Australia
1523,Santa Gertrudis Breeders Association
1524,Save the Children Australia
1525,Scarlet Alliance - Australian Sex Workers Association
1526,School Sport Australia
1527,Science and Technology Australia
1528,Science Industry Australia
1529,Scleroderma Australia
1530,Scout Association of Australia
1531,Screen Printing and Graphic Imaging Association of Australia
1532,Screen Producers Association of Australia
1533,Screenrights
1534,Scripture Union Australia
1535,Sculptors Society
1536,Seafood Services Australia
1537,Secretariat of National Aboriginal and Islander Child Care
1538,Secular Party of Australia
1539,Seeing Eye Dogs Australia
1540,Self-Managed Super Fund Professionals' Association of Australia
1541,Senator Online
1542,Service to Youth Council
1543,Settlement Council of Australia
1544,Sexual Health and Family Planning Australia
1545,Shared Parenting Council of Australia
1546,Sharlea Ultra Fine Society of Australia
1547,Shearing Contractors' Association of Australia
1548,Sheepmeat Council of Australia
1549,Shipping Australia
1550,Shooters and Fishers Party
1551,Shorthorn Beef
1552,Siblings Australia
1553,SIDS and Kids Australia
1554,Simulation Australia
1555,Sisters in Crime
1556,Ski and Snowboard Australia
1557,Skin and Cancer Foundation Australia
1558,Sleep Disorders Australia
1559,Smith Family
1560,Snow and Outdoor Trade Association
1561,Social Ventures Australia
1562,Socialist Alliance
1563,Society for Responsible Design
1564,Society of Australian Genealogists
1565,Society of Consumer Affairs Professionals Australia
1566,Society of Hospital Pharmacists of Australia
1567,Society of Motion Pictures and Television Engineers
1568,Softball Australia
1569,South Devon Cattle Society of Australia
1570,Space Industry Association of Australia
1571,Spatial Industries Business Association
1572,Special Olympics Australia
1573,Specialised Textiles Association
1574,Speech Pathology Australia
1575,Spinal Cord Injuries Australia
1576,Sport Aircraft Association of Australia
1577,Sport Climbing Australia
1578,Sporting Shooters Association of Australia
1579,Sports Contractors' Association
1580,Sports Dietitians Australia
1581,Sports Medicine Australia
1582,Squash Australia
1583,St John Ambulance Australia
1584,St Thomas More Society
1585,St Vincent de Paul National Council of Australia
1586,St.George Foundation
1587,Stable Population Party of Australia
1588,Standards Australia
1589,Starlight Children's Foundation of Australia
1590,Statistical Society of Australia
1591,Steel Reinforcement Institute of Australia
1592,Stepfamilies Australia
1593,Stillbirth and Neonatal Death Support
1594,Stillbirth Foundation Australia
1595,Stockbrokers Association of Australia
1596,Strawberries Australia
1597,Stride Foundation Limited
1598,Sudanese Lost Boys Association of Australia
1599,Suicide Prevention Australia
1600,Summerfruit
1601,Superannuated Commonwealth Officers' Association
1602,Surface Coatings Association Australia
1603,Surfing Australia
1604,Surveying and Spatial Sciences Institute
1605,Sustainable Business Australia
1606,Sustainable Living Foundation
1607,Sustainable Population Australia
1608,Swedish-Australian Chamber of Commerce
1609,Swimming Australia
1610,Swiss-Australian Chamber of Commerce and Industry
1611,Synapse
1612,System Administrations Guild of Australia
1613,Table Tennis Australia
1614,Taekwondo Australia
1615,Taoist Tai Chi Society of Australia
1616,Taronga Foundation
1617,Tarot Guild of Australia
1618,Taxpayers Australia
1619,Tayyiba Institute
1620,Tear Australia
1621,Tennis Australia
1622,Tenpin Bowling Australia
1623,Textile Clothing and Footwear Union of Australia
1624,Textile Distributors Association
1625,Textile Institute
1626,The Alannah and Madeline Foundation
1627,The Ashram
1628,The Australian Anthropological Society
1629,The Australian Jordanian Society
1630,The Australian Kidney Foundation
1631,The Australian Sociological Association
1632,The Communications Council
1633,The Crane Industry Council of Australia
1634,The Financial Services Council
1635,The Fishing Party
1636,The Foundation for Young Australians
1637,The Myer Foundation
1638,The Nationals
1639,The Order of Australia Association
1640,The Pharmacy Guild of Australia
1641,The Salvation Army Southern Territory
1642,The Tax Institute
1643,The Theosophical Society in Australia
1644,The Window Coverings Association of Australia
1645,Thoroughbred Breeders Australia
1646,Timber and Building Materials Association Aust
1647,Timber Communities Australia
1648,Timber Trade Industrial Association
1649,Total Environment Centre
1650,Touch Football Australia
1651,"Tourism, Hospitality and Catering Institute of Australia"
1652,Tractor and Machinery Association of Australia
1653,Transplant Australia
1654,Transport and Logistics Centre
1655,Transport Workers' Union of Australia
1656,Triathlon Australia
1657,Try Australia
1658,Turf Australia
1659,Ukrainian Youth Association
1660,UN Women Australia
1661,Union of Australian Women
1662,United Firefighters Union of Australia
1663,United Nations Association of Australia
1664,United Retail Federation
1665,United Voice
1666,Uniting Care Australia
1667,Unity Party
1668,Universities Australia
1669,University Colleges Australia
1670,Urban Development Institute of Australia
1671,Vauxhall Owners Club of Australia
1672,Veterinary Manufacturers and Distributors Association
1673,Veterinary Nurses Council of Australia
1674,Vietnam Veterans Association of Australia
1675,VIEW Clubs of Australia
1676,Vinyl Council of Australia
1677,Viscopy
1678,Vision Australia
1679,Voiceless animal protection institute
1680,War Widows' Guild of Australia
1681,Waste Management Association of Australia
1682,Watch and Clockmakers of Australia
1683,Water Industry Operators Association of Australia
1684,Water Services Association of Australia
1685,We Help Ourselves
1686,Welding Technology Institute of Australia
1687,Wendish Heritage Society Australia
1688,Wheelchair Sports Australia
1689,Whistleblowers Australia
1689,Whistleblowers Australia
1690,Whitelion
1691,Wilderness Society
1692,Wildlife Tourism Australia
1693,Willing Workers on Organic Farms
1694,Wine Communicators of Australia
1695,Wine Grape Growers Australia
1696,Winemakers Federation of Australia
1697,Wireless Institute of Australia
1698,Women's International Zionist Organization
1699,Women and the Australian Church
1700,Women in Adult and Vocational Education
1701,Women in Science Enquiry Network
1702,Women With Disabilities Australia
1703,Women's Electoral Lobby - Australia
1704,Women's Services Network
1705,WoolProducers Australia
1706,Working Kelpie Council of Australia
1707,World Vision of Australia
1708,Wrestling Australia
1709,World Wildlife Fund Australia
1710,Yachting Australia
1711,Yfoundations
1712,YMCA Australia
1713,Young Australia League
1714,Young People and the Arts Australia
1715,Youth for Understanding Australia
1716,YWCA of Australia
1717,Zionist Federation of Australia
1718,Zoo and Aquarium Association
10001,GetUp